Workbook

Sheet Instructions
A2: How to Use This Gantt Chart Template | B2: For detailed instructions, visit our full guide:
B3: https://www.teamgantt.com/free-gantt-chart-excel-template
A4: 📝 Task Table (enter your project details here)
A5: Add each task, phase, or milestone in the Task Table tab.
A6: Fill in Start Date, End Date, % Complete, Assigned To, and Priority.
A7: Columns with formulas update automatically:
A8: ✅ Duration = End Date - Start Date + 1
A9: ✅ Completed = Duration * % Complete
A10: ✅ Remaining = Duration - Completed
A11: Use WBS numbers (1, 1.1, 1.2, etc.) to organize phases and subtasks.
A12: Leave group rows at 0% Complete so they show as dividers without skewing progress.
A14: 📊 Gantt Chart (visual project timeline)
A15: The Gantt Chart tab updates automatically as you edit the Task Table.
A16: Task bars display start and end dates; progress shows inside the bars.
... A32: 2. Reset the print area to include your full chart.

Sheet Dashboard
A1: Project: Acme Web Redesign
A2: Project owner: Emily Sanchez
A4: Total project duration | B4: Overall completion | C4: Days remaining
A5: =MAX('Task Table'!D:D) - MIN('Task Table'!C:C)+1 -> 54 | B5: =AVERAGE('Task Table'!F3,'Task Table'!F4,'Task Table'!F6,'Task Table'!F7,'Task Table'!F8,'Task Table'!F10,'Task Table'!F11,'Task Table'!F12) -> 0.3125 | C5: =MAX(0, 'Task Table'!D9 - TODAY()) -> 172
A7: Tasks complete | B7: Tasks in progress | C7: Tasks not started
A8: =COUNTIF('Task Table'!F:F,1) -> 1 | B8: =(COUNTIF('Task Table'!F:F, "<1") - COUNTIF('Task Table'!F:F,0)) -> 6 | C8: {=SUMPRODUCT((('Task Table'!F:F=0)+('Task Table'!F:F="")>0)*(ISNUMBER(SEARCH(".",'Task Table'!A:A&""))))} -> 4

Sheet Task Table
A1: WBS # | B1: Task Name | C1: Start Date | D1: End Date | E1: Duration | F1: % Complete | G1: Completed | H1: Remaining | I1: Assigned To | J1: Priority | K1: Predecessor
A2: 1 | B2: Planning Phase | C2: 46027 | D2: 46038 | E2: =D2-C2+1 -> 12 | F2: =SUMPRODUCT(E3:E4, F3:F4) / SUM(E3:E4) -> 0.75 | G2: =E2*F2 -> 9 | H2: =E2-G2 -> 3
A3: 1.1 | B3: Define project goals | C3: 46027 | D3: 46031 | E3: =D3-C3+1 -> 5 | F3: 1 | G3: =E3*F3 -> 5 | H3: =E3-G3 -> 0 | I3: Emily | J3: High
A4: 1.2 | B4: Gather requirements | C4: 46034 | D4: 46038 | E4: =D4-C4+1 -> 5 | F4: 0.5 | G4: =E4*F4 -> 2.5 | H4: =E4-G4 -> 2.5 | I4: Emily | J4: Medium | K4: 1.1
A5: 2 | B5: Design Phase | C5: 46041 | D5: 46059 | E5: =D5-C5+1 -> 19 | F5: =SUMPRODUCT(E6:E8, F6:F8) / SUM(E6:E8) -> 0.14705882 | G5: =E5*F5 -> 2.7941176 | H5: =E5-G5 -> 16.205882
A6: 2.1 | B6: Create wireframes | C6: 46041 | D6: 46045 | E6: =D6-C6+1 -> 5 | F6: 0.5 | G6: =E6*F6 -> 2.5 | H6: =E6-G6 -> 2.5 | I6: Kwame | J6: High | K6: 1.2
A7: 2.2 | B7: Design mockups | C7: 46048 | D7: 46058 | E7: =D7-C7+1 -> 11 | F7: 0 | G7: =E7*F7 -> 0 | H7: =E7-G7 -> 11 | I7: Sarah | J7: High | K7: 2.1
A8: 2.3 | B8: Milestone: Design complete | C8: 46059 | D8: 46059 | E8: =D8-C8+1 -> 1 | F8: 0 | G8: =E8*F8 -> 0 | H8: =E8-G8 -> 1 | I8: — | J8: High | K8: 2.2
A9: 3 | B9: Development Phase | C9: 46062 | D9: 46080 | E9: =D9-C9+1 -> 19 | F9: =SUMPRODUCT(E10:E12, F10:F12) / SUM(E10:E12) -> 0.35294118 | G9: =E9*F9 -> 6.7058824 | H9: =E9-G9 -> 12.294118
A10: 3.1 | B10: Build website pages | C10: 46062 | D10: 46073 | E10: =D10-C10+1 -> 12 | F10: 0.5 | G10: =E10*F10 -> 6 | H10: =E10-G10 -> 6 | I10: Charles | J10: High | K10: 2.3
A11: 3.2 | B11: Integrate CMS | C11: 46076 | D11: 46079 | E11: =D11-C11+1 -> 4 | F11: 0 | G11: =E11*F11 -> 0 | H11: =E11-G11 -> 4 | I11: Priya | J11: Medium | K11: 3.1
A12: 3.3 | B12: Milestone: Launch | C12: 46080 | D12: 46080 | E12: =D12-C12+1 -> 1 | F12: 0 | G12: =E12*F12 -> 0 | H12: =E12-G12 -> 1 | I12: — | J12: High | K12: 3.2

Sheet Gantt Chart
