Workbook

Sheet Instructions
A2: How to Use This Gantt Chart Template | B2: For detailed instructions, visit our full guide:
B3: https://www.teamgantt.com/free-gantt-chart-excel-template
A4: 📝 Task Table (enter your project details here)
A5: Add each task, phase, or milestone in the Task Table tab.
A6: Fill in Start Date, End Date, % Complete, Assigned To, and Priority.
A7: Columns with formulas update automatically:
A8: ✅ Duration = End Date - Start Date + 1
A9: ✅ Completed = Duration * % Complete
A10: ✅ Remaining = Duration - Completed
A11: Use WBS numbers (1, 1.1, 1.2, etc.) to organize phases and subtasks.
A12: Leave group rows at 0% Complete so they show as dividers without skewing progress.
A14: 📊 Gantt Chart (visual project timeline)
A15: The Gantt Chart tab updates automatically as you edit the Task Table.
A16: Task bars display start and end dates; progress shows inside the bars.
... A32: 2. Reset the print area to include your full chart.

Sheet Dashboard
A1: Project: Spot To Go
A2: Project owner: Nagenthiran Nagarajh
A4: Total project duration | B4: Overall completion | C4: Days remaining
A5: =MAX('Task Table'!D:D) - MIN('Task Table'!C:C)+1 | B5: =AVERAGE(F3,F4,F5,F7,F8,F9,F11,F12,F13,F14,F16,F17,F18,F20,F21,F22,F24,F25,F26,F28,F29) | C5: =MAX(0, MAX('Task Table'!D:D) - TODAY())
A7: Tasks complete | B7: Tasks in progress | C7: Tasks not started
A8: =COUNTIF('Task Table'!F:F,1) | B8: =(COUNTIF('Task Table'!F:F, "<1") - COUNTIF('Task Table'!F:F,0)) | C8: {=SUMPRODUCT((('Task Table'!F:F=0)+('Task Table'!F:F="")>0)*(ISNUMBER(SEARCH(".",'Task Table'!A:A&""))))}

Sheet Task Table
A1: WBS # | B1: Task Name | C1: Start Date | D1: End Date | E1: Duration | F1: % Complete | G1: Completed | H1: Remaining | I1: Assigned To | J1: Priority | K1: Predecessor
A2: 1 | B2: WP1: Literature Review | C2: 46139 | D2: 46164 | E2: =D2-C2+1 | F2: =SUMPRODUCT(E3:E5, F3:F5) / SUM(E3:E5) | G2: =E2*F2 | H2: =E2-G2
A3: 1.1 | B3: Requirements & background analysis | C3: 46139 | D3: 46150 | E3: =D3-C3+1 | F3: 1 | G3: =E3*F3 | H3: =E3-G3 | I3: Nagenthiran Nagarajh | J3: Medium
A4: 1.2 | B4: Literature review (4 areas) | C4: 46139 | D4: 46157 | E4: =D4-C4+1 | F4: 1 | G4: =E4*F4 | H4: =E4-G4 | I4: Nagenthiran Nagarajh | J4: Medium
A5: 1.3 | B5: Proposal writing & submission | C5: 46153 | D5: 46164 | E5: =D5-C5+1 | F5: 1 | G5: =E5*F5 | H5: =E5-G5 | I5: Nagenthiran Nagarajh | J5: High | K5: 1.2
A6: 2 | B6: WP2: Setup & Architecture | C6: 46146 | D6: 46171 | E6: =D6-C6+1 | F6: =SUMPRODUCT(E7:E9, F7:F9) / SUM(E7:E9) | G6: =E6*F6 | H6: =E6-G6
A7: 2.1 | B7: Android Studio project scaffold | C7: 46146 | D7: 46157 | E7: =D7-C7+1 | F7: 1 | G7: =E7*F7 | H7: =E7-G7 | I7: Nagenthiran Nagarajh | J7: Medium
A8: 2.2 | B8: Dependency & Gradle configuration | C8: 46153 | D8: 46164 | E8: =D8-C8+1 | F8: 1 | G8: =E8*F8 | H8: =E8-G8 | I8: Nagenthiran Nagarajh | J8: Medium | K8: 2.1
A9: 2.3 | B9: API keys & Cloud Console setup | C9: 46153 | D9: 46171 | E9: =D9-C9+1 | F9: 1 | G9: =E9*F9 | H9: =E9-G9 | I9: Nagenthiran Nagarajh | J9: High | K9: 2.1
A10: 3 | B10: WP3: Maps & Location | C10: 46167 | D10: 46206 | E10: =D10-C10+1 | F10: =SUMPRODUCT(E11:E14, F11:F14) / SUM(E11:E14) | G10: =E10*F10 | H10: =E10-G10
A11: 3.1 | B11: Google Map integration & GPS centring | C11: 46167 | D11: 46185 | E11: =D11-C11+1 | F11: 1 | G11: =E11*F11 | H11: =E11-G11 | I11: Nagenthiran Nagarajh | J11: Medium
A12: 3.2 | B12: Restaurant markers (seed data) | C12: 46174 | D12: 46192 | E12: =D12-C12+1 | F12: 1 | G12: =E12*F12 | H12: =E12-G12 | I12: Nagenthiran Nagarajh | J12: Medium | K12: 3.1
A13: 3.3 | B13: Location permission handling | C13: 46181 | D13: 46192 | E13: =D13-C13+1 | F13: 1 | G13: =E13*F13 | H13: =E13-G13 | I13: Nagenthiran Nagarajh | J13: Medium | K13: 3.1
A14: 3.4 | B14: Firebase Authentication (login/register) | C14: 46188 | D14: 46206 | E14: =D14-C14+1 | F14: 1 | G14: =E14*F14 | H14: =E14-G14 | I14: Nagenthiran Nagarajh | J14: High | K14: 3.3
A15: 4 | B15: WP4: Detail & Video | C15: 46195 | D15: 46220 | E15: =D15-C15+1 | F15: =SUMPRODUCT(E16:E18, F16:F18) / SUM(E16:E18) | G15: =E15*F15 | H15: =E15-G15
A16: 4.1 | B16: Restaurant detail screen | C16: 46195 | D16: 46206 | E16: =D16-C16+1 | F16: 1 | G16: =E16*F16 | H16: =E16-G16 | I16: Nagenthiran Nagarajh | J16: Medium
A17: 4.2 | B17: Video screen & YouTube intent | C17: 46202 | D17: 46213 | E17: =D17-C17+1 | F17: 1 | G17: =E17*F17 | H17: =E17-G17 | I17: Nagenthiran Nagarajh | J17: Medium | K17: 4.1
A18: 4.3 | B18: Directions screen & Maps intent | C18: 46209 | D18: 46220 | E18: =D18-C18+1 | F18: 1 | G18: =E18*F18 | H18: =E18-G18 | I18: Nagenthiran Nagarajh | J18: Medium | K18: 4.2
A19: 5 | B19: WP5: Search & UI Polish | C19: 46209 | D19: 46234 | E19: =D19-C19+1 | F19: =SUMPRODUCT(E20:E22, F20:F22) / SUM(E20:E22) | G19: =E19*F19 | H19: =E19-G19
A20: 5.1 | B20: Keyword search bar | C20: 46209 | D20: 46220 | E20: =D20-C20+1 | F20: 1 | G20: =E20*F20 | H20: =E20-G20 | I20: Nagenthiran Nagarajh | J20: Medium
A21: 5.2 | B21: Gemini AI natural-language search | C21: 46216 | D21: 46227 | E21: =D21-C21+1 | F21: 1 | G21: =E21*F21 | H21: =E21-G21 | I21: Nagenthiran Nagarajh | J21: Medium | K21: 5.1
A22: 5.3 | B22: Bottom navigation & UI fixes | C22: 46223 | D22: 46234 | E22: =D22-C22+1 | F22: 1 | G22: =E22*F22 | H22: =E22-G22 | I22: Nagenthiran Nagarajh | J22: Medium | K22: 5.2
A23: 6 | B23: WP6: Testing & Writing | C23: 46223 | D23: 46248 | E23: =D23-C23+1 | F23: =SUMPRODUCT(E24:E26, F24:F26) / SUM(E24:E26) | G23: =E23*F23 | H23: =E23-G23
A24: 6.1 | B24: Manual functional testing & bug fixes | C24: 46223 | D24: 46241 | E24: =D24-C24+1 | F24: 1 | G24: =E24*F24 | H24: =E24-G24 | I24: Nagenthiran Nagarajh | J24: High
A25: 6.2 | B25: Usability heuristic review | C25: 46230 | D25: 46241 | E25: =D25-C25+1 | F25: 1 | G25: =E25*F25 | H25: =E25-G25 | I25: Nagenthiran Nagarajh | J25: Medium | K25: 6.1
A26: 6.3 | B26: Final report writing | C26: 46230 | D26: 46248 | E26: =D26-C26+1 | F26: 1 | G26: =E26*F26 | H26: =E26-G26 | I26: Nagenthiran Nagarajh | J26: High | K26: 6.1
A27: 7 | B27: WP7: Report & Presentation | C27: 46244 | D27: 46255 | E27: =D27-C27+1 | F27: =SUMPRODUCT(E28:E29, F28:F29) / SUM(E28:E29) | G27: =E27*F27 | H27: =E27-G27
A28: 7.1 | B28: Report review & polish | C28: 46244 | D28: 46255 | E28: =D28-C28+1 | F28: 1 | G28: =E28*F28 | H28: =E28-G28 | I28: Nagenthiran Nagarajh | J28: High
A29: 7.2 | B29: Presentation preparation | C29: 46244 | D29: 46255 | E29: =D29-C29+1 | F29: 1 | G29: =E29*F29 | H29: =E29-G29 | I29: Nagenthiran Nagarajh | J29: High

Sheet Gantt Chart
